{
    "batch_size": 64,
    "n_epochs": 200,
    "n_samples_per_epoch": 100000,
    "n_log_epochs": 1,
    "n_workers": 0,
    "learning_rate": 1e-4,
    "fast_sampling": false,
    "n_viz_samples": 10,
    
    "residual_layers": 30,
    "residual_channels": 64,
    "dilation_cycle_length": 10,
    
    "unconditional": false,
    "dataset_name": "rir",
    "n_conditioner": 10,
    "sample_rate": 16000,
    "dataset_path": "/users/ezajlerg/datasets/roomfuser",
    
    "max_grad_norm": null,
    "inference_noise_schedule": [
        0.0001,
        0.001,
        0.01,
        0.05,
        0.2,
        0.5
    ],
    "audio_len": 4000,
    "noise_schedule": [
        0.0001,
        0.0011183673469387756,
        0.002136734693877551,
        0.0031551020408163264,
        0.004173469387755102,
        0.005191836734693878,
        0.006210204081632653,
        0.007228571428571429,
        0.008246938775510203,
        0.009265306122448979,
        0.010283673469387754,
        0.01130204081632653,
        0.012320408163265305,
        0.013338775510204081,
        0.014357142857142857,
        0.015375510204081632,
        0.016393877551020408,
        0.017412244897959183,
        0.01843061224489796,
        0.019448979591836734,
        0.02046734693877551,
        0.021485714285714285,
        0.02250408163265306,
        0.023522448979591836,
        0.02454081632653061,
        0.025559183673469387,
        0.026577551020408163,
        0.027595918367346938,
        0.028614285714285714,
        0.02963265306122449,
        0.030651020408163265,
        0.031669387755102044,
        0.03268775510204082,
        0.033706122448979595,
        0.03472448979591837,
        0.035742857142857146,
        0.03676122448979592,
        0.0377795918367347,
        0.03879795918367347,
        0.03981632653061225,
        0.04083469387755102,
        0.0418530612244898,
        0.042871428571428574,
        0.04388979591836735,
        0.044908163265306125,
        0.0459265306122449,
        0.046944897959183676,
        0.04796326530612245,
        0.04898163265306123,
        0.05
    ],
    "rir_backend": "auto"
}